{
  "tiny_d64_h2": {
    "params": 195712,
    "final_val_loss": 4.044241189956665,
    "final_val_ppl": 57.06786593053889
  }
}